Position,Name + ID,Name,ID,Roster Position,Salary,Game Info,TeamAbbrev,AvgPointsPerGame
PG,Trae Young (14021141),Trae Young,14021141,PG/G/UTIL,11200,ATL@CLE 12/23/2019 07:00PM ET,ATL,49.40
PG/SG,James Harden (14021144),James Harden,14021144,PG/SG/G/UTIL,11000,HOU@SAC 12/23/2019 10:00PM ET,HOU,62.99
C,Karl-Anthony Towns (14021148),Karl-Anthony Towns,14021148,C/UTIL,10400,MIN@GS 12/23/2019 10:30PM ET,MIN,53.74
C,Joel Embiid (14021150),Joel Embiid,14021150,C/UTIL,10200,PHI@DET 12/23/2019 07:00PM ET,PHI,48.56
C,Andre Drummond (14021152),Andre Drummond,14021152,C/UTIL,10100,PHI@DET 12/23/2019 07:00PM ET,DET,49.46
PF/C,Pascal Siakam (14021154),Pascal Siakam,14021154,PF/C/F/UTIL,9400,TOR@IND 12/23/2019 07:00PM ET,TOR,44.77
SG,Bradley Beal (14021158),Bradley Beal,14021158,SG/G/UTIL,9300,WAS@NY 12/23/2019 07:00PM ET,WAS,47.56
C,Nikola Jokic (14021161),Nikola Jokic,14021161,C/UTIL,9100,DEN@PHO 12/23/2019 09:00PM ET,DEN,43.76
C,Rudy Gobert (14021163),Rudy Gobert,14021163,C/UTIL,9000,UTA@MIA 12/23/2019 07:30PM ET,UTA,39.94
PG,Russell Westbrook (14021165),Russell Westbrook,14021165,PG/G/UTIL,8900,HOU@SAC 12/23/2019 10:00PM ET,HOU,48.41
PG,Kyle Lowry (14021168),Kyle Lowry,14021168,PG/G/UTIL,8800,TOR@IND 12/23/2019 07:00PM ET,TOR,41.33
C,Bam Adebayo (14021171),Bam Adebayo,14021171,C/UTIL,8700,UTA@MIA 12/23/2019 07:30PM ET,MIA,40.65
PG,Stephen Curry (14021173),Stephen Curry,14021173,PG/G/UTIL,8600,MIN@GS 12/23/2019 10:30PM ET,GS,39.38
PG/SF,Ben Simmons (14021176),Ben Simmons,14021176,PG/SF/F/G/UTIL,8500,PHI@DET 12/23/2019 07:00PM ET,PHI,39.77
SF/PF,Brandon Ingram (14021181),Brandon Ingram,14021181,SF/PF/F/UTIL,8400,NO@POR 12/23/2019 10:00PM ET,NO,42.76
SG/SF,Andrew Wiggins (14021185),Andrew Wiggins,14021185,SG/SF/F/G/UTIL,8400,MIN@GS 12/23/2019 10:30PM ET,MIN,40.14
PG/SG,Donovan Mitchell (14021190),Donovan Mitchell,14021190,PG/SG/G/UTIL,8300,UTA@MIA 12/23/2019 07:30PM ET,UTA,39.66
PG,Damian Lillard (14021194),Damian Lillard,14021194,PG/G/UTIL,8300,NO@POR 12/23/2019 10:00PM ET,POR,46.80
C,Jusuf Nurkic (14021199),Jusuf Nurkic,14021199,C/UTIL,8200,NO@POR 12/23/2019 10:00PM ET,POR,0
C,Nikola Vucevic (14021197),Nikola Vucevic,14021197,C/UTIL,8200,CHI@ORL 12/23/2019 07:00PM ET,ORL,41.24
SG/SF,Jimmy Butler (14021201),Jimmy Butler,14021201,SG/SF/F/G/UTIL,8100,UTA@MIA 12/23/2019 07:30PM ET,MIA,43.89
PG/SG,Zach LaVine (14021206),Zach LaVine,14021206,PG/SG/G/UTIL,8000,CHI@ORL 12/23/2019 07:00PM ET,CHI,38.27
C,Hassan Whiteside (14021210),Hassan Whiteside,14021210,C/UTIL,7900,NO@POR 12/23/2019 10:00PM ET,POR,40.89
PG/SG,Devin Booker (14021212),Devin Booker,14021212,PG/SG/G/UTIL,7900,DEN@PHO 12/23/2019 09:00PM ET,PHO,40.25
PG/SG,Jrue Holiday (14021220),Jrue Holiday,14021220,PG/SG/G/UTIL,7800,NO@POR 12/23/2019 10:00PM ET,NO,40.15
PF/C,Domantas Sabonis (14021216),Domantas Sabonis,14021216,PF/C/F/UTIL,7800,TOR@IND 12/23/2019 07:00PM ET,IND,43.53
PF/C,Serge Ibaka (14021224),Serge Ibaka,14021224,PF/C/F/UTIL,7700,TOR@IND 12/23/2019 07:00PM ET,TOR,27.22
PG/SG,Fred VanVleet (14021228),Fred VanVleet,14021228,PG/SG/G/UTIL,7600,TOR@IND 12/23/2019 07:00PM ET,TOR,37.12
PF/C,John Collins (14021232),John Collins,14021232,PF/C/F/UTIL,7600,ATL@CLE 12/23/2019 07:00PM ET,ATL,36.9
PG/SG,D'Angelo Russell (14021236),D'Angelo Russell,14021236,PG/SG/G/UTIL,7500,MIN@GS 12/23/2019 10:30PM ET,GS,38
C,Clint Capela (14021246),Clint Capela,14021246,C/UTIL,7400,HOU@SAC 12/23/2019 10:00PM ET,HOU,39.97
PF/C,Kevin Love (14021240),Kevin Love,14021240,PF/C/F/UTIL,7400,ATL@CLE 12/23/2019 07:00PM ET,CLE,36.29
C,Deandre Ayton (14021244),Deandre Ayton,14021244,C/UTIL,7400,DEN@PHO 12/23/2019 09:00PM ET,PHO,41.62
PF/C,LaMarcus Aldridge (14021248),LaMarcus Aldridge,14021248,PF/C/F/UTIL,7300,SA@MEM 12/23/2019 08:00PM ET,SA,36.21
SF/PF,Tobias Harris (14021252),Tobias Harris,14021252,SF/PF/F/UTIL,7200,PHI@DET 12/23/2019 07:00PM ET,PHI,35.42
PG/SG,Jamal Murray (14021256),Jamal Murray,14021256,PG/SG/G/UTIL,7200,DEN@PHO 12/23/2019 09:00PM ET,DEN,32.76
PG,Ja Morant (14021260),Ja Morant,14021260,PG/G/UTIL,7100,SA@MEM 12/23/2019 08:00PM ET,MEM,34.21
PG/SG,Malcolm Brogdon (14021263),Malcolm Brogdon,14021263,PG/SG/G/UTIL,7000,TOR@IND 12/23/2019 07:00PM ET,IND,37.35
PG,Ricky Rubio (14021267),Ricky Rubio,14021267,PG/G/UTIL,7000,DEN@PHO 12/23/2019 09:00PM ET,PHO,36.80
SF/PF,Davis Bertans (14021270),Davis Bertans,14021270,SF/PF/F/UTIL,6900,WAS@NY 12/23/2019 07:00PM ET,WAS,28.23
SF/PF,Bojan Bogdanovic (14021274),Bojan Bogdanovic,14021274,SF/PF/F/UTIL,6900,UTA@MIA 12/23/2019 07:30PM ET,UTA,31.84
SG/SF,DeMar DeRozan (14021278),DeMar DeRozan,14021278,SG/SF/F/G/UTIL,6800,SA@MEM 12/23/2019 08:00PM ET,SA,36.07
PF/C,Julius Randle (14021283),Julius Randle,14021283,PF/C/F/UTIL,6700,WAS@NY 12/23/2019 07:00PM ET,NY,34.29
SG/SF,Buddy Hield (14021287),Buddy Hield,14021287,SG/SF/F/G/UTIL,6700,HOU@SAC 12/23/2019 10:00PM ET,SAC,34.40
SF/PF,Kelly Oubre Jr. (14021296),Kelly Oubre Jr.,14021296,SF/PF/F/UTIL,6600,DEN@PHO 12/23/2019 09:00PM ET,PHO,31.97
PF/C,Jaren Jackson Jr. (14021292),Jaren Jackson Jr.,14021292,PF/C/F/UTIL,6600,SA@MEM 12/23/2019 08:00PM ET,MEM,29.64
PG/SG,CJ McCollum (14021302),CJ McCollum,14021302,PG/SG/G/UTIL,6500,NO@POR 12/23/2019 10:00PM ET,POR,37.18
C,Jonas Valanciunas (14021300),Jonas Valanciunas,14021300,C/UTIL,6500,SA@MEM 12/23/2019 08:00PM ET,MEM,31.74
PF/C,Lauri Markkanen (14021313),Lauri Markkanen,14021313,PF/C/F/UTIL,6400,CHI@ORL 12/23/2019 07:00PM ET,CHI,29.24
PG,De'Aaron Fox (14021310),De'Aaron Fox,14021310,PG/G/UTIL,6400,HOU@SAC 12/23/2019 10:00PM ET,SAC,34.96
PF/C,Blake Griffin (14021306),Blake Griffin,14021306,PF/C/F/UTIL,6400,PHI@DET 12/23/2019 07:00PM ET,DET,27.97
PF/C,Zion Williamson (14021323),Zion Williamson,14021323,PF/C/F/UTIL,6300,NO@POR 12/23/2019 10:00PM ET,NO,0
C,Tristan Thompson (14021317),Tristan Thompson,14021317,C/UTIL,6300,ATL@CLE 12/23/2019 07:00PM ET,CLE,32.80
PF/C,Al Horford (14021319),Al Horford,14021319,PF/C/F/UTIL,6300,PHI@DET 12/23/2019 07:00PM ET,PHI,31.82
PG/SG,Victor Oladipo (14021332),Victor Oladipo,14021332,PG/SG/G/UTIL,6200,TOR@IND 12/23/2019 07:00PM ET,IND,0
SG/SF,Norman Powell (14021336),Norman Powell,14021336,SG/SF/F/G/UTIL,6200,TOR@IND 12/23/2019 07:00PM ET,TOR,24.97
SG/SF,Josh Richardson (14021327),Josh Richardson,14021327,SG/SF/F/G/UTIL,6200,PHI@DET 12/23/2019 07:00PM ET,PHI,27.02
PG/SF,Will Barton (14021341),Will Barton,14021341,PG/SF/F/G/UTIL,6200,DEN@PHO 12/23/2019 09:00PM ET,DEN,32.07
SF/PF,Carmelo Anthony (14021354),Carmelo Anthony,14021354,SF/PF/F/UTIL,6100,NO@POR 12/23/2019 10:00PM ET,POR,29.68
SF/PF,Aaron Gordon (14021346),Aaron Gordon,14021346,SF/PF/F/UTIL,6100,CHI@ORL 12/23/2019 07:00PM ET,ORL,28.89
PF/C,Wendell Carter Jr. (14021358),Wendell Carter Jr.,14021358,PF/C/F/UTIL,6100,CHI@ORL 12/23/2019 07:00PM ET,CHI,29.15
PG/SG,Derrick Rose (14021350),Derrick Rose,14021350,PG/SG/G/UTIL,6100,PHI@DET 12/23/2019 07:00PM ET,DET,29.84
PG/SG,Kendrick Nunn (14021371),Kendrick Nunn,14021371,PG/SG/G/UTIL,6000,UTA@MIA 12/23/2019 07:30PM ET,MIA,27.91
SG/SF,Joe Ingles (14021375),Joe Ingles,14021375,SG/SF/F/G/UTIL,6000,UTA@MIA 12/23/2019 07:30PM ET,UTA,22.94
SG/SF,Evan Fournier (14021362),Evan Fournier,14021362,SG/SF/F/G/UTIL,6000,CHI@ORL 12/23/2019 07:00PM ET,ORL,30.40
SF/PF,Jonathan Isaac (14021367),Jonathan Isaac,14021367,SF/PF/F/UTIL,6000,CHI@ORL 12/23/2019 07:00PM ET,ORL,30.65
PG/SF,Draymond Green (14021384),Draymond Green,14021384,PG/SF/F/G/UTIL,5900,MIN@GS 12/23/2019 10:30PM ET,GS,29.2
PF/C,Markieff Morris (14021380),Markieff Morris,14021380,PF/C/F/UTIL,5900,PHI@DET 12/23/2019 07:00PM ET,DET,20.29
PG,Dejounte Murray (14021389),Dejounte Murray,14021389,PG/G/UTIL,5900,SA@MEM 12/23/2019 08:00PM ET,SA,27.55
C,Mitchell Robinson (14021392),Mitchell Robinson,14021392,C/UTIL,5800,WAS@NY 12/23/2019 07:00PM ET,NY,24.36
SF/PF,OG Anunoby (14021394),OG Anunoby,14021394,SF/PF/F/UTIL,5800,TOR@IND 12/23/2019 07:00PM ET,TOR,25.31
PG/SF,Justise Winslow (14021398),Justise Winslow,14021398,PG/SF/F/G/UTIL,5700,UTA@MIA 12/23/2019 07:30PM ET,MIA,29.22
PF/C,Marvin Bagley III (14021403),Marvin Bagley III,14021403,PF/C/F/UTIL,5700,HOU@SAC 12/23/2019 10:00PM ET,SAC,26.86
PG,Jeff Teague (14021407),Jeff Teague,14021407,PG/G/UTIL,5700,MIN@GS 12/23/2019 10:30PM ET,MIN,29.91
SF/PF,Marcus Morris Sr. (14021410),Marcus Morris Sr.,14021410,SF/PF/F/UTIL,5600,WAS@NY 12/23/2019 07:00PM ET,NY,30.70
PG,Goran Dragic (14021414),Goran Dragic,14021414,PG/G/UTIL,5600,UTA@MIA 12/23/2019 07:30PM ET,MIA,29.30
PG/SF,Tomas Satoransky (14021417),Tomas Satoransky,14021417,PG/SF/F/G/UTIL,5600,CHI@ORL 12/23/2019 07:00PM ET,CHI,25.05
PG/SG,RJ Barrett (14021422),RJ Barrett,14021422,PG/SG/G/UTIL,5500,WAS@NY 12/23/2019 07:00PM ET,NY,27.30
PF/C,Thomas Bryant (14021439),Thomas Bryant,14021439,PF/C/F/UTIL,5500,WAS@NY 12/23/2019 07:00PM ET,WAS,31.49
PF/C,Rui Hachimura (14021443),Rui Hachimura,14021443,PF/C/F/UTIL,5500,WAS@NY 12/23/2019 07:00PM ET,WAS,25.17
SF/PF,Harrison Barnes (14021431),Harrison Barnes,14021431,SF/PF/F/UTIL,5500,HOU@SAC 12/23/2019 10:00PM ET,SAC,27.57
PF/C,Richaun Holmes (14021435),Richaun Holmes,14021435,PF/C/F/UTIL,5500,HOU@SAC 12/23/2019 10:00PM ET,SAC,28.99
SG/SF,Jordan Clarkson (14021426),Jordan Clarkson,14021426,SG/SF/F/G/UTIL,5500,ATL@CLE 12/23/2019 07:00PM ET,CLE,23.25
PG/SG,Collin Sexton (14021447),Collin Sexton,14021447,PG/SG/G/UTIL,5400,ATL@CLE 12/23/2019 07:00PM ET,CLE,26.53
SF/PF,Jae Crowder (14021451),Jae Crowder,14021451,SF/PF/F/UTIL,5400,SA@MEM 12/23/2019 08:00PM ET,MEM,25.99
PF/C,Brandon Clarke (14021455),Brandon Clarke,14021455,PF/C/F/UTIL,5400,SA@MEM 12/23/2019 08:00PM ET,MEM,24.27
PG/SG,Alec Burks (14021469),Alec Burks,14021469,PG/SG/G/UTIL,5300,MIN@GS 12/23/2019 10:30PM ET,GS,28.64
SF/PF,Robert Covington (14021475),Robert Covington,14021475,SF/PF/F/UTIL,5300,MIN@GS 12/23/2019 10:30PM ET,MIN,25.34
C,Alex Len (14021473),Alex Len,14021473,C/UTIL,5300,ATL@CLE 12/23/2019 07:00PM ET,ATL,19.39
SG/SF,Luke Kennard (14021459),Luke Kennard,14021459,SG/SF/F/G/UTIL,5300,PHI@DET 12/23/2019 07:00PM ET,DET,28.14
SG/SF,Dillon Brooks (14021464),Dillon Brooks,14021464,SG/SF/F/G/UTIL,5300,SA@MEM 12/23/2019 08:00PM ET,MEM,25.23
PG,Mike Conley (14021493),Mike Conley,14021493,PG/G/UTIL,5200,UTA@MIA 12/23/2019 07:30PM ET,UTA,26.40
PF/C,Derrick Favors (14021496),Derrick Favors,14021496,PF/C/F/UTIL,5200,NO@POR 12/23/2019 10:00PM ET,NO,23.57
SF/PF,T.J. Warren (14021479),T.J. Warren,14021479,SF/PF/F/UTIL,5200,TOR@IND 12/23/2019 07:00PM ET,IND,26.1
C,Marc Gasol (14021487),Marc Gasol,14021487,C/UTIL,5200,TOR@IND 12/23/2019 07:00PM ET,TOR,23.93
PG/SG,Markelle Fultz (14021483),Markelle Fultz,14021483,PG/SG/G/UTIL,5200,CHI@ORL 12/23/2019 07:00PM ET,ORL,23.33
SF/PF,Jabari Parker (14021489),Jabari Parker,14021489,SF/PF/F/UTIL,5200,ATL@CLE 12/23/2019 07:00PM ET,ATL,29.64
PG,Elfrid Payton (14021500),Elfrid Payton,14021500,PG/G/UTIL,5100,WAS@NY 12/23/2019 07:00PM ET,NY,23.5
PG,Isaiah Thomas (14021508),Isaiah Thomas,14021508,PG/G/UTIL,5100,WAS@NY 12/23/2019 07:00PM ET,WAS,24.38
PF/C,Moritz Wagner (14021511),Moritz Wagner,14021511,PF/C/F/UTIL,5100,WAS@NY 12/23/2019 07:00PM ET,WAS,23.49
SG/SF,Josh Hart (14021519),Josh Hart,14021519,SG/SF/F/G/UTIL,5100,NO@POR 12/23/2019 10:00PM ET,NO,24.64
C,Myles Turner (14021503),Myles Turner,14021503,C/UTIL,5100,TOR@IND 12/23/2019 07:00PM ET,IND,26.53
PF,Nemanja Bjelica (14021505),Nemanja Bjelica,14021505,PF/F/UTIL,5100,HOU@SAC 12/23/2019 10:00PM ET,SAC,26.60
PG/SG,Kevin Huerter (14021515),Kevin Huerter,14021515,PG/SG/G/UTIL,5100,ATL@CLE 12/23/2019 07:00PM ET,ATL,21.18
SF/PF,Otto Porter Jr. (14021528),Otto Porter Jr.,14021528,SF/PF/F/UTIL,5000,CHI@ORL 12/23/2019 07:00PM ET,CHI,21.03
PG/SF,Kris Dunn (14021532),Kris Dunn,14021532,PG/SF/F/G/UTIL,5000,CHI@ORL 12/23/2019 07:00PM ET,CHI,20.42
PG/SG,Bruce Brown Jr. (14021524),Bruce Brown Jr.,14021524,PG/SG/G/UTIL,5000,PHI@DET 12/23/2019 07:00PM ET,DET,21.67
PG,Lonzo Ball (14021546),Lonzo Ball,14021546,PG/G/UTIL,4900,NO@POR 12/23/2019 10:00PM ET,NO,26.92
SG/SF,Bogdan Bogdanovic (14021541),Bogdan Bogdanovic,14021541,SG/SF/F/G/UTIL,4900,HOU@SAC 12/23/2019 10:00PM ET,SAC,26.8
SF/PF,Dario Saric (14021537),Dario Saric,14021537,SF/PF/F/UTIL,4900,DEN@PHO 12/23/2019 09:00PM ET,PHO,26.68
PF/C,Bobby Portis (14021549),Bobby Portis,14021549,PF/C/F/UTIL,4800,WAS@NY 12/23/2019 07:00PM ET,NY,21.08
SG/SF,Troy Brown (14021560),Troy Brown,14021560,SG/SF/F/G/UTIL,4800,WAS@NY 12/23/2019 07:00PM ET,WAS,20.94
SG,Tyler Herro (14021557),Tyler Herro,14021557,SG/G/UTIL,4800,UTA@MIA 12/23/2019 07:30PM ET,MIA,23.87
SG/SF,JJ Redick (14021565),JJ Redick,14021565,SG/SF/F/G/UTIL,4800,NO@POR 12/23/2019 10:00PM ET,NO,24.91
PF/C,Christian Wood (14021553),Christian Wood,14021553,PF/C/F/UTIL,4800,PHI@DET 12/23/2019 07:00PM ET,DET,18.46
SG/SF,Duncan Robinson (14021570),Duncan Robinson,14021570,SG/SF/F/G/UTIL,4700,UTA@MIA 12/23/2019 07:30PM ET,MIA,20.48
SG/SF,Kent Bazemore (14021577),Kent Bazemore,14021577,SG/SF/F/G/UTIL,4700,NO@POR 12/23/2019 10:00PM ET,POR,18.96
SF/PF,De'Andre Hunter (14021582),De'Andre Hunter,14021582,SF/PF/F/UTIL,4700,ATL@CLE 12/23/2019 07:00PM ET,ATL,22.53
C,Aron Baynes (14021575),Aron Baynes,14021575,C/UTIL,4700,DEN@PHO 12/23/2019 09:00PM ET,PHO,25.5
SF/PF,Derrick Jones Jr. (14021597),Derrick Jones Jr.,14021597,SF/PF/F/UTIL,4600,UTA@MIA 12/23/2019 07:30PM ET,MIA,16.62
SG/SF,Jeremy Lamb (14021586),Jeremy Lamb,14021586,SG/SF/F/G/UTIL,4600,TOR@IND 12/23/2019 07:00PM ET,IND,27.03
PG,D.J. Augustin (14021591),D.J. Augustin,14021591,PG/G/UTIL,4600,CHI@ORL 12/23/2019 07:00PM ET,ORL,21.96
PF/C,P.J. Tucker (14021603),P.J. Tucker,14021603,PF/C/F/UTIL,4600,HOU@SAC 12/23/2019 10:00PM ET,HOU,24.85
C,Willie Cauley-Stein (14021601),Willie Cauley-Stein,14021601,C/UTIL,4600,MIN@GS 12/23/2019 10:30PM ET,GS,22.95
C,Gorgui Dieng (14021607),Gorgui Dieng,14021607,C/UTIL,4600,MIN@GS 12/23/2019 10:30PM ET,MIN,16.28
PG,Darius Garland (14021594),Darius Garland,14021594,PG/G/UTIL,4600,ATL@CLE 12/23/2019 07:00PM ET,CLE,19.02
PG,Ish Smith (14021613),Ish Smith,14021613,PG/G/UTIL,4500,WAS@NY 12/23/2019 07:00PM ET,WAS,21.78
SF,Royce O'Neale (14021620),Royce O'Neale,14021620,SF/F/UTIL,4500,UTA@MIA 12/23/2019 07:30PM ET,UTA,18.89
SF/PF,Rondae Hollis-Jefferson (14021616),Rondae Hollis-Jefferson,14021616,SF/PF/F/UTIL,4500,TOR@IND 12/23/2019 07:00PM ET,TOR,19.43
PF/C,Frank Kaminsky (14021609),Frank Kaminsky,14021609,PF/C/F/UTIL,4500,DEN@PHO 12/23/2019 09:00PM ET,PHO,23.36
SG,Gary Harris (14021623),Gary Harris,14021623,SG/G/UTIL,4500,DEN@PHO 12/23/2019 09:00PM ET,DEN,21.67
C,Ian Mahinmi (14021644),Ian Mahinmi,14021644,C/UTIL,4400,WAS@NY 12/23/2019 07:00PM ET,WAS,19.16
PF/C,Zach Collins (14021640),Zach Collins,14021640,PF/C/F/UTIL,4400,NO@POR 12/23/2019 10:00PM ET,POR,17.83
SG/SF,Justin Holiday (14021626),Justin Holiday,14021626,SG/SF/F/G/UTIL,4400,TOR@IND 12/23/2019 07:00PM ET,IND,18.48
PG/SG,Aaron Holiday (14021631),Aaron Holiday,14021631,PG/SG/G/UTIL,4400,TOR@IND 12/23/2019 07:00PM ET,IND,19.30
SG/SF,Terrence Ross (14021635),Terrence Ross,14021635,SG/SF/F/G/UTIL,4400,CHI@ORL 12/23/2019 07:00PM ET,ORL,20.32
SF/PF,Jake Layman (14021646),Jake Layman,14021646,SF/PF/F/UTIL,4400,MIN@GS 12/23/2019 10:30PM ET,MIN,18.52
SG/SF,Damion Lee (14021650),Damion Lee,14021650,SG/SF/F/G/UTIL,4300,MIN@GS 12/23/2019 10:30PM ET,GS,20.27
SF/PF,Eric Paschall (14021659),Eric Paschall,14021659,SF/PF/F/UTIL,4300,MIN@GS 12/23/2019 10:30PM ET,GS,25.10
PF/C,Mason Plumlee (14021655),Mason Plumlee,14021655,PF/C/F/UTIL,4300,DEN@PHO 12/23/2019 09:00PM ET,DEN,19.70
SF/PF,Kevin Knox (14021663),Kevin Knox,14021663,SF/PF/F/UTIL,4200,WAS@NY 12/23/2019 07:00PM ET,NY,16.14
C,Jaxson Hayes (14021687),Jaxson Hayes,14021687,C/UTIL,4200,NO@POR 12/23/2019 10:00PM ET,NO,19.61
PG,T.J. McConnell (14021667),T.J. McConnell,14021667,PG/G/UTIL,4200,TOR@IND 12/23/2019 07:00PM ET,IND,18.81
SG/SF,Cam Reddish (14021674),Cam Reddish,14021674,SG/SF/F/G/UTIL,4200,ATL@CLE 12/23/2019 07:00PM ET,ATL,17.82
PF/C,Paul Millsap (14021683),Paul Millsap,14021683,PF/C/F/UTIL,4200,DEN@PHO 12/23/2019 09:00PM ET,DEN,25.39
PG/SG,De'Anthony Melton (14021670),De'Anthony Melton,14021670,PG/SG/G/UTIL,4200,SA@MEM 12/23/2019 08:00PM ET,MEM,18.38
SF/PF,Rudy Gay (14021679),Rudy Gay,14021679,SF/PF/F/UTIL,4200,SA@MEM 12/23/2019 08:00PM ET,SA,23.09
SG/SF,Glenn Robinson III (14021689),Glenn Robinson III,14021689,SG/SF/F/G/UTIL,4100,MIN@GS 12/23/2019 10:30PM ET,GS,22.38
PG/SG,Patty Mills (14021694),Patty Mills,14021694,PG/SG/G/UTIL,4100,SA@MEM 12/23/2019 08:00PM ET,SA,19.56
PG/SF,Patrick McCaw (14021711),Patrick McCaw,14021711,PG/SF/F/G/UTIL,4000,TOR@IND 12/23/2019 07:00PM ET,TOR,11.72
PG/SG,Coby White (14021716),Coby White,14021716,PG/SG/G/UTIL,4000,CHI@ORL 12/23/2019 07:00PM ET,CHI,21.08
PF/C,Larry Nance Jr. (14021698),Larry Nance Jr.,14021698,PF/C/F/UTIL,4000,ATL@CLE 12/23/2019 07:00PM ET,CLE,22.68
SF/PF,Cedi Osman (14021702),Cedi Osman,14021702,SF/PF/F/UTIL,4000,ATL@CLE 12/23/2019 07:00PM ET,CLE,19.72
SG/SF,Mikal Bridges (14021706),Mikal Bridges,14021706,SG/SF/F/G/UTIL,4000,DEN@PHO 12/23/2019 09:00PM ET,PHO,16.66
PG/SG,Derrick White (14021720),Derrick White,14021720,PG/SG/G/UTIL,4000,SA@MEM 12/23/2019 08:00PM ET,SA,19.77
PG,Emmanuel Mudiay (14021728),Emmanuel Mudiay,14021728,PG/G/UTIL,3900,UTA@MIA 12/23/2019 07:30PM ET,UTA,14.61
SF/PF,Danuel House Jr. (14021735),Danuel House Jr.,14021735,SF/PF/F/UTIL,3900,HOU@SAC 12/23/2019 10:00PM ET,HOU,21.55
PF/C,Marquese Chriss (14021724),Marquese Chriss,14021724,PF/C/F/UTIL,3900,MIN@GS 12/23/2019 10:30PM ET,GS,19.60
PF/C,Jerami Grant (14021731),Jerami Grant,14021731,PF/C/F/UTIL,3900,DEN@PHO 12/23/2019 09:00PM ET,DEN,17.62
C,Jahlil Okafor (14021755),Jahlil Okafor,14021755,C/UTIL,3800,NO@POR 12/23/2019 10:00PM ET,NO,18.44
SF/PF,Thaddeus Young (14021751),Thaddeus Young,14021751,SF/PF/F/UTIL,3800,CHI@ORL 12/23/2019 07:00PM ET,CHI,19.27
SF/PF,Trevor Ariza (14021747),Trevor Ariza,14021747,SF/PF/F/UTIL,3800,HOU@SAC 12/23/2019 10:00PM ET,SAC,15.43
SG/SF,Ben McLemore (14021757),Ben McLemore,14021757,SG/SF/F/G/UTIL,3800,HOU@SAC 12/23/2019 10:00PM ET,HOU,17.66
PG/SG,Reggie Jackson (14021739),Reggie Jackson,14021739,PG/SG/G/UTIL,3800,PHI@DET 12/23/2019 07:00PM ET,DET,14.12
PG/SG,Langston Galloway (14021743),Langston Galloway,14021743,PG/SG/G/UTIL,3800,PHI@DET 12/23/2019 07:00PM ET,DET,18.78
PF/C,Kelly Olynyk (14021767),Kelly Olynyk,14021767,PF/C/F/UTIL,3700,UTA@MIA 12/23/2019 07:30PM ET,MIA,19.61
PG/SG,Terence Davis (14021775),Terence Davis,14021775,PG/SG/G/UTIL,3700,TOR@IND 12/23/2019 07:00PM ET,TOR,14.18
SG/SF,Josh Okogie (14021781),Josh Okogie,14021781,SG/SF/F/G/UTIL,3700,MIN@GS 12/23/2019 10:30PM ET,MIN,18.83
SG/SF,Kevin Porter Jr. (14021762),Kevin Porter Jr.,14021762,SG/SF/F/G/UTIL,3700,ATL@CLE 12/23/2019 07:00PM ET,CLE,16.26
PG/SG,Elie Okobo (14021771),Elie Okobo,14021771,PG/SG/G/UTIL,3700,DEN@PHO 12/23/2019 09:00PM ET,PHO,11.62
C,Jakob Poeltl (14021779),Jakob Poeltl,14021779,C/UTIL,3700,SA@MEM 12/23/2019 08:00PM ET,SA,19.51
SF,Isaac Bonga (14021800),Isaac Bonga,14021800,SF/F/UTIL,3600,WAS@NY 12/23/2019 07:00PM ET,WAS,10.24
PF/C,Meyers Leonard (14021791),Meyers Leonard,14021791,PF/C/F/UTIL,3600,UTA@MIA 12/23/2019 07:30PM ET,MIA,14.38
SG/SF,Dion Waiters (14021795),Dion Waiters,14021795,SG/SF/F/G/UTIL,3600,UTA@MIA 12/23/2019 07:30PM ET,MIA,0
SG/SF,Tony Snell (14021786),Tony Snell,14021786,SG/SF/F/G/UTIL,3600,PHI@DET 12/23/2019 07:00PM ET,DET,14.82
SG/SF,Furkan Korkmaz (14021803),Furkan Korkmaz,14021803,SG/SF/F/G/UTIL,3600,PHI@DET 12/23/2019 07:00PM ET,PHI,13.2
SF/PF,Admiral Schofield (14021816),Admiral Schofield,14021816,SF/PF/F/UTIL,3500,WAS@NY 12/23/2019 07:00PM ET,WAS,7.77
C,Anzejs Pasecniks (14021820),Anzejs Pasecniks,14021820,C/UTIL,3500,WAS@NY 12/23/2019 07:00PM ET,WAS,13.5
SF/PF,Doug McDermott (14021808),Doug McDermott,14021808,SF/PF/F/UTIL,3500,TOR@IND 12/23/2019 07:00PM ET,IND,16.11
PF/C,Chris Boucher (14021822),Chris Boucher,14021822,PF/C/F/UTIL,3500,TOR@IND 12/23/2019 07:00PM ET,TOR,13.85
PG/SG,Michael Carter-Williams (14021812),Michael Carter-Williams,14021812,PG/SG/G/UTIL,3500,CHI@ORL 12/23/2019 07:00PM ET,ORL,14.84
SG/SF,Denzel Valentine (14021826),Denzel Valentine,14021826,SG/SF/F/G/UTIL,3500,CHI@ORL 12/23/2019 07:00PM ET,CHI,13.71
PG/SG,Jordan McRae (14021849),Jordan McRae,14021849,PG/SG/G/UTIL,3400,WAS@NY 12/23/2019 07:00PM ET,WAS,17.86
PG/SG,Anfernee Simons (14021845),Anfernee Simons,14021845,PG/SG/G/UTIL,3400,NO@POR 12/23/2019 10:00PM ET,POR,15.42
C,Mohamed Bamba (14021831),Mohamed Bamba,14021831,C/UTIL,3400,CHI@ORL 12/23/2019 07:00PM ET,ORL,16.53
PG/SG,Shabazz Napier (14021863),Shabazz Napier,14021863,PG/SG/G/UTIL,3400,MIN@GS 12/23/2019 10:30PM ET,MIN,17.62
SG/SF,Allen Crabbe (14021853),Allen Crabbe,14021853,SG/SF/F/G/UTIL,3400,ATL@CLE 12/23/2019 07:00PM ET,ATL,11.01
PG/SF,DeAndre' Bembry (14021858),DeAndre' Bembry,14021858,PG/SF/F/G/UTIL,3400,ATL@CLE 12/23/2019 07:00PM ET,ATL,17.92
SF/PF,Cameron Johnson (14021841),Cameron Johnson,14021841,SF/PF/F/UTIL,3400,DEN@PHO 12/23/2019 09:00PM ET,PHO,16.99
SF/PF,Solomon Hill (14021833),Solomon Hill,14021833,SF/PF/F/UTIL,3400,SA@MEM 12/23/2019 08:00PM ET,MEM,15.61
PG/SG,Grayson Allen (14021837),Grayson Allen,14021837,PG/SG/G/UTIL,3400,SA@MEM 12/23/2019 08:00PM ET,MEM,15.12
SG/SF,Garrison Mathews (14021881),Garrison Mathews,14021881,SG/SF/F/G/UTIL,3300,WAS@NY 12/23/2019 07:00PM ET,WAS,5.57
SG/SF,E'Twaun Moore (14021897),E'Twaun Moore,14021897,SG/SF/F/G/UTIL,3300,NO@POR 12/23/2019 10:00PM ET,NO,16.44
SF/PF,Kenrich Williams (14021902),Kenrich Williams,14021902,SF/PF/F/UTIL,3300,NO@POR 12/23/2019 10:00PM ET,NO,17.54
SG/SF,Brian Bowen II (14021867),Brian Bowen II,14021867,SG/SF/F/G/UTIL,3300,TOR@IND 12/23/2019 07:00PM ET,IND,1.75
C,John Henson (14021872),John Henson,14021872,C/UTIL,3300,ATL@CLE 12/23/2019 07:00PM ET,CLE,14.39
SF/PF,Vince Carter (14021886),Vince Carter,14021886,SF/PF/F/UTIL,3300,ATL@CLE 12/23/2019 07:00PM ET,ATL,11.05
PG,Tim Frazier (14021874),Tim Frazier,14021874,PG/G/UTIL,3300,PHI@DET 12/23/2019 07:00PM ET,DET,10.64
PG,Monte Morris (14021894),Monte Morris,14021894,PG/G/UTIL,3300,DEN@PHO 12/23/2019 09:00PM ET,DEN,15.78
PG/SG,Tyus Jones (14021877),Tyus Jones,14021877,PG/SG/G/UTIL,3300,SA@MEM 12/23/2019 08:00PM ET,MEM,17.07
PG/SG,Bryn Forbes (14021890),Bryn Forbes,14021890,PG/SG/G/UTIL,3300,SA@MEM 12/23/2019 08:00PM ET,SA,18.91
SG/SF,Damyean Dotson (14021906),Damyean Dotson,14021906,SG/SF/F/G/UTIL,3200,WAS@NY 12/23/2019 07:00PM ET,NY,11.19
PG,Dennis Smith Jr. (14021911),Dennis Smith Jr.,14021911,PG/G/UTIL,3200,WAS@NY 12/23/2019 07:00PM ET,NY,13.66
SF/PF,Jeff Green (14021944),Jeff Green,14021944,SF/PF/F/UTIL,3200,UTA@MIA 12/23/2019 07:30PM ET,UTA,13.67
SF/PF,Georges Niang (14021948),Georges Niang,14021948,SF/PF/F/UTIL,3200,UTA@MIA 12/23/2019 07:30PM ET,UTA,8.04
SG/SF,Wes Iwundu (14021914),Wes Iwundu,14021914,SG/SF/F/G/UTIL,3200,CHI@ORL 12/23/2019 07:00PM ET,ORL,8.32
PG/SG,Ryan Arcidiacono (14021931),Ryan Arcidiacono,14021931,PG/SG/G/UTIL,3200,CHI@ORL 12/23/2019 07:00PM ET,CHI,9.76
PG/SG,Cory Joseph (14021923),Cory Joseph,14021923,PG/SG/G/UTIL,3200,HOU@SAC 12/23/2019 10:00PM ET,SAC,17.15
SG/SF,Eric Gordon (14021952),Eric Gordon,14021952,SG/SF/F/G/UTIL,3200,HOU@SAC 12/23/2019 10:00PM ET,HOU,16.47
PF/C,Omari Spellman (14021927),Omari Spellman,14021927,PF/C/F/UTIL,3200,MIN@GS 12/23/2019 10:30PM ET,GS,17.08
PG/SG,Jarrett Culver (14021957),Jarrett Culver,14021957,PG/SG/G/UTIL,3200,MIN@GS 12/23/2019 10:30PM ET,MIN,17.89
SF/PF,Mike Scott (14021935),Mike Scott,14021935,SF/PF/F/UTIL,3200,PHI@DET 12/23/2019 07:00PM ET,PHI,12.99
SG/SF,Matisse Thybulle (14021939),Matisse Thybulle,14021939,SG/SF/F/G/UTIL,3200,PHI@DET 12/23/2019 07:00PM ET,PHI,12.4
SF/PF,Kyle Anderson (14021919),Kyle Anderson,14021919,SF/PF/F/UTIL,3200,SA@MEM 12/23/2019 08:00PM ET,MEM,16.84
PF/C,Taj Gibson (14021961),Taj Gibson,14021961,PF/C/F/UTIL,3100,WAS@NY 12/23/2019 07:00PM ET,NY,13.47
PG/SG,Frank Ntilikina (14021965),Frank Ntilikina,14021965,PG/SG/G/UTIL,3100,WAS@NY 12/23/2019 07:00PM ET,NY,15.73
PF/C,Skal Labissiere (14021983),Skal Labissiere,14021983,PF/C/F/UTIL,3100,NO@POR 12/23/2019 10:00PM ET,POR,16.14
PG/SG,Nickeil Alexander-Walker (14022011),Nickeil Alexander-Walker,14022011,PG/SG/G/UTIL,3100,NO@POR 12/23/2019 10:00PM ET,NO,12.34
C,Khem Birch (14021969),Khem Birch,14021969,C/UTIL,3100,CHI@ORL 12/23/2019 07:00PM ET,ORL,14.65
PG/SG,Austin Rivers (14022015),Austin Rivers,14022015,PG/SG/G/UTIL,3100,HOU@SAC 12/23/2019 10:00PM ET,HOU,15.73
SG/SF,Jordan Poole (14021987),Jordan Poole,14021987,SG/SF/F/G/UTIL,3100,MIN@GS 12/23/2019 10:30PM ET,GS,14.34
SF/PF,Treveon Graham (14022019),Treveon Graham,14022019,SF/PF/F/UTIL,3100,MIN@GS 12/23/2019 10:30PM ET,MIN,12.07
PG/SG,Matthew Dellavedova (14021971),Matthew Dellavedova,14021971,PG/SG/G/UTIL,3100,ATL@CLE 12/23/2019 07:00PM ET,CLE,8.36
C,Bruno Fernando (14021992),Bruno Fernando,14021992,C/UTIL,3100,ATL@CLE 12/23/2019 07:00PM ET,ATL,9.93
PF/C,Thon Maker (14021975),Thon Maker,14021975,PF/C/F/UTIL,3100,PHI@DET 12/23/2019 07:00PM ET,DET,8.45
SF/PF,James Ennis III (14021994),James Ennis III,14021994,SF/PF/F/UTIL,3100,PHI@DET 12/23/2019 07:00PM ET,PHI,14.19
PG/SG,Trey Burke (14021998),Trey Burke,14021998,PG/SG/G/UTIL,3100,PHI@DET 12/23/2019 07:00PM ET,PHI,15.46
PG/SG,Ty Jerome (14021979),Ty Jerome,14021979,PG/SG/G/UTIL,3100,DEN@PHO 12/23/2019 09:00PM ET,PHO,12.86
SF/PF,Michael Porter Jr. (14022007),Michael Porter Jr.,14022007,SF/PF/F/UTIL,3100,DEN@PHO 12/23/2019 09:00PM ET,DEN,9.09
SG/SF,Lonnie Walker IV (14022002),Lonnie Walker IV,14022002,SG/SF/F/G/UTIL,3100,SA@MEM 12/23/2019 08:00PM ET,SA,8.45
SG/SF,Wayne Ellington (14022023),Wayne Ellington,14022023,SG/SF/F/G/UTIL,3000,WAS@NY 12/23/2019 07:00PM ET,NY,8.65
SG/SF,Reggie Bullock (14022028),Reggie Bullock,14022028,SG/SF/F/G/UTIL,3000,WAS@NY 12/23/2019 07:00PM ET,NY,0
PG/SG,Kadeem Allen (14022033),Kadeem Allen,14022033,PG/SG/G/UTIL,3000,WAS@NY 12/23/2019 07:00PM ET,NY,15
PG/SG,Allonzo Trier (14022037),Allonzo Trier,14022037,PG/SG/G/UTIL,3000,WAS@NY 12/23/2019 07:00PM ET,NY,11.91
PF/C,Ivan Rabb (14022041),Ivan Rabb,14022041,PF/C/F/UTIL,3000,WAS@NY 12/23/2019 07:00PM ET,NY,0
SF/PF,Ignas Brazdeikis (14022045),Ignas Brazdeikis,14022045,SF/PF/F/UTIL,3000,WAS@NY 12/23/2019 07:00PM ET,NY,3.54
SG/SF,C.J. Miles (14022275),C.J. Miles,14022275,SG/SF/F/G/UTIL,3000,WAS@NY 12/23/2019 07:00PM ET,WAS,12.85
PG,John Wall (14022280),John Wall,14022280,PG/G/UTIL,3000,WAS@NY 12/23/2019 07:00PM ET,WAS,0
PG,Justin Robinson (14022283),Justin Robinson,14022283,PG/G/UTIL,3000,WAS@NY 12/23/2019 07:00PM ET,WAS,2.46
PF,Udonis Haslem (14022135),Udonis Haslem,14022135,PF/F/UTIL,3000,UTA@MIA 12/23/2019 07:30PM ET,MIA,4.38
SF/PF,James Johnson (14022138),James Johnson,14022138,SF/PF/F/UTIL,3000,UTA@MIA 12/23/2019 07:30PM ET,MIA,8.12
C,Chris Silva (14022142),Chris Silva,14022142,C/UTIL,3000,UTA@MIA 12/23/2019 07:30PM ET,MIA,10.23
PG/SG,Daryl Macon (14022144),Daryl Macon,14022144,PG/SG/G/UTIL,3000,UTA@MIA 12/23/2019 07:30PM ET,MIA,1
SF/PF,KZ Okpala (14022148),KZ Okpala,14022148,SF/PF/F/UTIL,3000,UTA@MIA 12/23/2019 07:30PM ET,MIA,0.25
C,Ed Davis (14022380),Ed Davis,14022380,C/UTIL,3000,UTA@MIA 12/23/2019 07:30PM ET,UTA,9.16
PG,Nigel Williams-Goss (14022382),Nigel Williams-Goss,14022382,PG/G/UTIL,3000,UTA@MIA 12/23/2019 07:30PM ET,UTA,1.29
PG/SG,Dante Exum (14022385),Dante Exum,14022385,PG/SG/G/UTIL,3000,UTA@MIA 12/23/2019 07:30PM ET,UTA,4.68
SF/PF,Jarrell Brantley (14022389),Jarrell Brantley,14022389,SF/PF/F/UTIL,3000,UTA@MIA 12/23/2019 07:30PM ET,UTA,5
PG,Justin Wright-Foreman (14022393),Justin Wright-Foreman,14022393,PG/G/UTIL,3000,UTA@MIA 12/23/2019 07:30PM ET,UTA,0
PF,Juwan Morgan (14022396),Juwan Morgan,14022396,PF/F/UTIL,3000,UTA@MIA 12/23/2019 07:30PM ET,UTA,0.67
C,Tony Bradley (14022399),Tony Bradley,14022399,C/UTIL,3000,UTA@MIA 12/23/2019 07:30PM ET,UTA,9.45
SG/SF,Miye Oni (14022401),Miye Oni,14022401,SG/SF/F/G/UTIL,3000,UTA@MIA 12/23/2019 07:30PM ET,UTA,0.25
PF/C,Anthony Tolliver (14022196),Anthony Tolliver,14022196,PF/C/F/UTIL,3000,NO@POR 12/23/2019 10:00PM ET,POR,9.22
SG/SF,Rodney Hood (14022200),Rodney Hood,14022200,SG/SF/F/G/UTIL,3000,NO@POR 12/23/2019 10:00PM ET,POR,19.90
SF/PF,Mario Hezonja (14022205),Mario Hezonja,14022205,SF/PF/F/UTIL,3000,NO@POR 12/23/2019 10:00PM ET,POR,11.94
SG,Gary Trent Jr. (14022209),Gary Trent Jr.,14022209,SG/G/UTIL,3000,NO@POR 12/23/2019 10:00PM ET,POR,6.85
SF/PF,Jaylen Hoard (14022212),Jaylen Hoard,14022212,SF/PF/F/UTIL,3000,NO@POR 12/23/2019 10:00PM ET,POR,4.15
C,Moses Brown (14022216),Moses Brown,14022216,C/UTIL,3000,NO@POR 12/23/2019 10:00PM ET,POR,5.19
SF/PF,Nassir Little (14022218),Nassir Little,14022218,SF/PF/F/UTIL,3000,NO@POR 12/23/2019 10:00PM ET,POR,11.30
SF/PF,Darius Miller (14022465),Darius Miller,14022465,SF/PF/F/UTIL,3000,NO@POR 12/23/2019 10:00PM ET,NO,0
PG,Josh Gray (14022469),Josh Gray,14022469,PG/G/UTIL,3000,NO@POR 12/23/2019 10:00PM ET,NO,2.5
SF/PF,Zylan Cheatham (14022472),Zylan Cheatham,14022472,SF/PF/F/UTIL,3000,NO@POR 12/23/2019 10:00PM ET,NO,3.38
PG/SG,Frank Jackson (14022476),Frank Jackson,14022476,PG/SG/G/UTIL,3000,NO@POR 12/23/2019 10:00PM ET,NO,10.5
PF/C,Nicolo Melli (14022480),Nicolo Melli,14022480,PF/C/F/UTIL,3000,NO@POR 12/23/2019 10:00PM ET,NO,11.54
SF/PF,Jakarr Sampson (14022049),Jakarr Sampson,14022049,SF/PF/F/UTIL,3000,TOR@IND 12/23/2019 07:00PM ET,IND,11.18
PG/SG,Naz Mitrou-Long (14022053),Naz Mitrou-Long,14022053,PG/SG/G/UTIL,3000,TOR@IND 12/23/2019 07:00PM ET,IND,12
SG/SF,Edmond Sumner (14022057),Edmond Sumner,14022057,SG/SF/F/G/UTIL,3000,TOR@IND 12/23/2019 07:00PM ET,IND,10.14
PF/C,TJ Leaf (14022062),TJ Leaf,14022062,PF/C/F/UTIL,3000,TOR@IND 12/23/2019 07:00PM ET,IND,8.71
PF,Alize Johnson (14022066),Alize Johnson,14022066,PF/F/UTIL,3000,TOR@IND 12/23/2019 07:00PM ET,IND,3.53
PF/C,Goga Bitadze (14022069),Goga Bitadze,14022069,PF/C/F/UTIL,3000,TOR@IND 12/23/2019 07:00PM ET,IND,9.25
SG/SF,Malcolm Miller (14022286),Malcolm Miller,14022286,SG/SF/F/G/UTIL,3000,TOR@IND 12/23/2019 07:00PM ET,TOR,3.83
SG,Matt Thomas (14022291),Matt Thomas,14022291,SG/G/UTIL,3000,TOR@IND 12/23/2019 07:00PM ET,TOR,7.69
SF/PF,Stanley Johnson (14022294),Stanley Johnson,14022294,SF/PF/F/UTIL,3000,TOR@IND 12/23/2019 07:00PM ET,TOR,3.25
PF/C,Dewan Hernandez (14022298),Dewan Hernandez,14022298,PF/C/F/UTIL,3000,TOR@IND 12/23/2019 07:00PM ET,TOR,3.56
PG,Shamorie Ponds (14022302),Shamorie Ponds,14022302,PG/G/UTIL,3000,TOR@IND 12/23/2019 07:00PM ET,TOR,3.42
SF/PF,Oshae Brissett (14022305),Oshae Brissett,14022305,SF/PF/F/UTIL,3000,TOR@IND 12/23/2019 07:00PM ET,TOR,1.45
SF/PF,Al-Farouq Aminu (14022073),Al-Farouq Aminu,14022073,SF/PF/F/UTIL,3000,CHI@ORL 12/23/2019 07:00PM ET,ORL,14.94
PF/C,Amile Jefferson (14022077),Amile Jefferson,14022077,PF/C/F/UTIL,3000,CHI@ORL 12/23/2019 07:00PM ET,ORL,2.39
SG/SF,B.J. Johnson (14022081),B.J. Johnson,14022081,SG/SF/F/G/UTIL,3000,CHI@ORL 12/23/2019 07:00PM ET,ORL,0
PG,Josh Magette (14022086),Josh Magette,14022086,PG/G/UTIL,3000,CHI@ORL 12/23/2019 07:00PM ET,ORL,4.75
SG/SF,Melvin Frazier (14022089),Melvin Frazier,14022089,SG/SF/F/G/UTIL,3000,CHI@ORL 12/23/2019 07:00PM ET,ORL,2.17
PG/SF,Shaquille Harrison (14022309),Shaquille Harrison,14022309,PG/SF/F/G/UTIL,3000,CHI@ORL 12/23/2019 07:00PM ET,CHI,8.25
PF/C,Luke Kornet (14022314),Luke Kornet,14022314,PF/C/F/UTIL,3000,CHI@ORL 12/23/2019 07:00PM ET,CHI,7.25
C,Cristiano Felicio (14022318),Cristiano Felicio,14022318,C/UTIL,3000,CHI@ORL 12/23/2019 07:00PM ET,CHI,0
SF/PF,Chandler Hutchison (14022320),Chandler Hutchison,14022320,SF/PF/F/UTIL,3000,CHI@ORL 12/23/2019 07:00PM ET,CHI,14.19
SG,Max Strus (14022324),Max Strus,14022324,SG/G/UTIL,3000,CHI@ORL 12/23/2019 07:00PM ET,CHI,3.12
C,Daniel Gafford (14022327),Daniel Gafford,14022327,C/UTIL,3000,CHI@ORL 12/23/2019 07:00PM ET,CHI,8.98
PG/SG,Adam Mokoka (14022329),Adam Mokoka,14022329,PG/SG/G/UTIL,3000,CHI@ORL 12/23/2019 07:00PM ET,CHI,0
C,Dewayne Dedmon (14022222),Dewayne Dedmon,14022222,C/UTIL,3000,HOU@SAC 12/23/2019 10:00PM ET,SAC,11.85
PG/SG,Yogi Ferrell (14022224),Yogi Ferrell,14022224,PG/SG/G/UTIL,3000,HOU@SAC 12/23/2019 10:00PM ET,SAC,10.95
PF/C,Caleb Swanigan (14022228),Caleb Swanigan,14022228,PF/C/F/UTIL,3000,HOU@SAC 12/23/2019 10:00PM ET,SAC,2.65
SG/SF,Justin James (14022232),Justin James,14022232,SG/SF/F/G/UTIL,3000,HOU@SAC 12/23/2019 10:00PM ET,SAC,9.33
SG/SF,DaQuan Jeffries (14022237),DaQuan Jeffries,14022237,SG/SF/F/G/UTIL,3000,HOU@SAC 12/23/2019 10:00PM ET,SAC,2.38
PF/C,Harry Giles (14022242),Harry Giles,14022242,PF/C/F/UTIL,3000,HOU@SAC 12/23/2019 10:00PM ET,SAC,6.82
PG/SG,Kyle Guy (14022246),Kyle Guy,14022246,PG/SG/G/UTIL,3000,HOU@SAC 12/23/2019 10:00PM ET,SAC,0
SF/PF,Wenyen Gabriel (14022250),Wenyen Gabriel,14022250,SF/PF/F/UTIL,3000,HOU@SAC 12/23/2019 10:00PM ET,SAC,5.36
C,Tyson Chandler (14022484),Tyson Chandler,14022484,C/UTIL,3000,HOU@SAC 12/23/2019 10:00PM ET,HOU,6.49
C,Nene Hilario (14022486),Nene Hilario,14022486,C/UTIL,3000,HOU@SAC 12/23/2019 10:00PM ET,HOU,0
SG/SF,Gerald Green (14022488),Gerald Green,14022488,SG/SF/F/G/UTIL,3000,HOU@SAC 12/23/2019 10:00PM ET,HOU,0
SF/PF,Thabo Sefolosha (14022493),Thabo Sefolosha,14022493,SF/PF/F/UTIL,3000,HOU@SAC 12/23/2019 10:00PM ET,HOU,6.48
PG/SG,Michael Frazier (14022497),Michael Frazier,14022497,PG/SG/G/UTIL,3000,HOU@SAC 12/23/2019 10:00PM ET,HOU,0
PF/C,Gary Clark (14022501),Gary Clark,14022501,PF/C/F/UTIL,3000,HOU@SAC 12/23/2019 10:00PM ET,HOU,9.11
PG,Chris Clemons (14022505),Chris Clemons,14022505,PG/G/UTIL,3000,HOU@SAC 12/23/2019 10:00PM ET,HOU,7.35
PF/C,Isaiah Hartenstein (14022508),Isaiah Hartenstein,14022508,PF/C/F/UTIL,3000,HOU@SAC 12/23/2019 10:00PM ET,HOU,9.11
SG/SF,Klay Thompson (14022254),Klay Thompson,14022254,SG/SF/F/G/UTIL,3000,MIN@GS 12/23/2019 10:30PM ET,GS,0
PF/C,Kevon Looney (14022259),Kevon Looney,14022259,PF/C/F/UTIL,3000,MIN@GS 12/23/2019 10:30PM ET,GS,7.67
PG/SF,Jacob Evans III (14022263),Jacob Evans III,14022263,PG/SF/F/G/UTIL,3000,MIN@GS 12/23/2019 10:30PM ET,GS,8.78
PG,Ky Bowman (14022268),Ky Bowman,14022268,PG/G/UTIL,3000,MIN@GS 12/23/2019 10:30PM ET,GS,17.93
PF/C,Alen Smailagic (14022271),Alen Smailagic,14022271,PF/C/F/UTIL,3000,MIN@GS 12/23/2019 10:30PM ET,GS,0
PF/C,Jordan Bell (14022512),Jordan Bell,14022512,PF/C/F/UTIL,3000,MIN@GS 12/23/2019 10:30PM ET,MIN,10.16
PF/C,Noah Vonleh (14022516),Noah Vonleh,14022516,PF/C/F/UTIL,3000,MIN@GS 12/23/2019 10:30PM ET,MIN,10.57
SF,Kelan Martin (14022520),Kelan Martin,14022520,SF/F/UTIL,3000,MIN@GS 12/23/2019 10:30PM ET,MIN,8.5
SF/PF,Keita Bates-Diop (14022523),Keita Bates-Diop,14022523,SF/PF/F/UTIL,3000,MIN@GS 12/23/2019 10:30PM ET,MIN,12.89
PG,Jordan McLaughlin (14022527),Jordan McLaughlin,14022527,PG/G/UTIL,3000,MIN@GS 12/23/2019 10:30PM ET,MIN,8.06
PG/SG,Jaylen Nowell (14022530),Jaylen Nowell,14022530,PG/SG/G/UTIL,3000,MIN@GS 12/23/2019 10:30PM ET,MIN,4.56
PF/C,Naz Reid (14022534),Naz Reid,14022534,PF/C/F/UTIL,3000,MIN@GS 12/23/2019 10:30PM ET,MIN,2.38
PG/SG,Brandon Knight (14022094),Brandon Knight,14022094,PG/SG/G/UTIL,3000,ATL@CLE 12/23/2019 07:00PM ET,CLE,9.78
SF/PF,Alfonzo McKinnie (14022098),Alfonzo McKinnie,14022098,SF/PF/F/UTIL,3000,ATL@CLE 12/23/2019 07:00PM ET,CLE,6.54
PF,Dean Wade (14022102),Dean Wade,14022102,PF/F/UTIL,3000,ATL@CLE 12/23/2019 07:00PM ET,CLE,2.67
SG/SF,Dylan Windler (14022105),Dylan Windler,14022105,SG/SF/F/G/UTIL,3000,ATL@CLE 12/23/2019 07:00PM ET,CLE,0
C,Ante Zizic (14022110),Ante Zizic,14022110,C/UTIL,3000,ATL@CLE 12/23/2019 07:00PM ET,CLE,8.28
PF/C,Tyler Cook (14022112),Tyler Cook,14022112,PF/C/F/UTIL,3000,ATL@CLE 12/23/2019 07:00PM ET,CLE,3.29
SG/SF,Evan Turner (14022333),Evan Turner,14022333,SG/SF/F/G/UTIL,3000,ATL@CLE 12/23/2019 07:00PM ET,ATL,10.70
SF/PF,Chandler Parsons (14022338),Chandler Parsons,14022338,SF/PF/F/UTIL,3000,ATL@CLE 12/23/2019 07:00PM ET,ATL,8.38
C,Damian Jones (14022342),Damian Jones,14022342,C/UTIL,3000,ATL@CLE 12/23/2019 07:00PM ET,ATL,15.72
PG/SG,Brandon Goodwin (14022344),Brandon Goodwin,14022344,PG/SG/G/UTIL,3000,ATL@CLE 12/23/2019 07:00PM ET,ATL,-0.5
SG/SF,Charlie Brown (14022348),Charlie Brown,14022348,SG/SF/F/G/UTIL,3000,ATL@CLE 12/23/2019 07:00PM ET,ATL,3.31
SG/SF,Svi Mykhailiuk (14022116),Svi Mykhailiuk,14022116,SG/SF/F/G/UTIL,3000,PHI@DET 12/23/2019 07:00PM ET,DET,10.32
SG,Khyri Thomas (14022121),Khyri Thomas,14022121,SG/G/UTIL,3000,PHI@DET 12/23/2019 07:00PM ET,DET,0.5
PG,Jordan Bone (14022124),Jordan Bone,14022124,PG/G/UTIL,3000,PHI@DET 12/23/2019 07:00PM ET,DET,1
SF/PF,Louis King (14022127),Louis King,14022127,SF/PF/F/UTIL,3000,PHI@DET 12/23/2019 07:00PM ET,DET,0
SF/PF,Sekou Doumbouya (14022131),Sekou Doumbouya,14022131,SF/PF/F/UTIL,3000,PHI@DET 12/23/2019 07:00PM ET,DET,2.65
PF/C,Kyle O'Quinn (14022353),Kyle O'Quinn,14022353,PF/C/F/UTIL,3000,PHI@DET 12/23/2019 07:00PM ET,PHI,10.79
C,Norvel Pelle (14022357),Norvel Pelle,14022357,C/UTIL,3000,PHI@DET 12/23/2019 07:00PM ET,PHI,10.12
PG,Raul Neto (14022359),Raul Neto,14022359,PG/G/UTIL,3000,PHI@DET 12/23/2019 07:00PM ET,PHI,8.77
SG/SF,Marial Shayok (14022362),Marial Shayok,14022362,SG/SF/F/G/UTIL,3000,PHI@DET 12/23/2019 07:00PM ET,PHI,0
PF/C,Jonah Bolden (14022367),Jonah Bolden,14022367,PF/C/F/UTIL,3000,PHI@DET 12/23/2019 07:00PM ET,PHI,1.75
PG/SG,Shake Milton (14022371),Shake Milton,14022371,PG/SG/G/UTIL,3000,PHI@DET 12/23/2019 07:00PM ET,PHI,5.94
SG/SF,Zhaire Smith (14022375),Zhaire Smith,14022375,SG/SF/F/G/UTIL,3000,PHI@DET 12/23/2019 07:00PM ET,PHI,0
PG/SG,Tyler Johnson (14022177),Tyler Johnson,14022177,PG/SG/G/UTIL,3000,DEN@PHO 12/23/2019 09:00PM ET,PHO,12.90
PG/SG,Jevon Carter (14022181),Jevon Carter,14022181,PG/SG/G/UTIL,3000,DEN@PHO 12/23/2019 09:00PM ET,PHO,11.17
PF/C,Cheick Diallo (14022185),Cheick Diallo,14022185,PF/C/F/UTIL,3000,DEN@PHO 12/23/2019 09:00PM ET,PHO,10.04
PG,Jared Harper (14022189),Jared Harper,14022189,PG/G/UTIL,3000,DEN@PHO 12/23/2019 09:00PM ET,PHO,0
PG/SG,Jalen Lecque (14022192),Jalen Lecque,14022192,PG/SG/G/UTIL,3000,DEN@PHO 12/23/2019 09:00PM ET,PHO,0
SG/SF,Torrey Craig (14022438),Torrey Craig,14022438,SG/SF/F/G/UTIL,3000,DEN@PHO 12/23/2019 09:00PM ET,DEN,8.43
PG/SG,Malik Beasley (14022443),Malik Beasley,14022443,PG/SG/G/UTIL,3000,DEN@PHO 12/23/2019 09:00PM ET,DEN,11.30
SG/SF,PJ Dozier (14022447),PJ Dozier,14022447,SG/SF/F/G/UTIL,3000,DEN@PHO 12/23/2019 09:00PM ET,DEN,0
SF/PF,Juancho Hernangomez (14022452),Juancho Hernangomez,14022452,SF/PF/F/UTIL,3000,DEN@PHO 12/23/2019 09:00PM ET,DEN,8.57
SF,Vlatko Cancar (14022456),Vlatko Cancar,14022456,SF/F/UTIL,3000,DEN@PHO 12/23/2019 09:00PM ET,DEN,2.38
SF/PF,Jarred Vanderbilt (14022459),Jarred Vanderbilt,14022459,SF/PF/F/UTIL,3000,DEN@PHO 12/23/2019 09:00PM ET,DEN,1.17
C,Bol Bol (14022463),Bol Bol,14022463,C/UTIL,3000,DEN@PHO 12/23/2019 09:00PM ET,DEN,0
SG/SF,Andre Iguodala (14022152),Andre Iguodala,14022152,SG/SF/F/G/UTIL,3000,SA@MEM 12/23/2019 08:00PM ET,MEM,0
PF/C,Bruno Caboclo (14022157),Bruno Caboclo,14022157,PF/C/F/UTIL,3000,SA@MEM 12/23/2019 08:00PM ET,MEM,9.36
SF/PF,Yuta Watanabe (14022161),Yuta Watanabe,14022161,SF/PF/F/UTIL,3000,SA@MEM 12/23/2019 08:00PM ET,MEM,3.81
SG,John Konchar (14022165),John Konchar,14022165,SG/G/UTIL,3000,SA@MEM 12/23/2019 08:00PM ET,MEM,0
SF/PF,Josh Jackson (14022168),Josh Jackson,14022168,SF/PF/F/UTIL,3000,SA@MEM 12/23/2019 08:00PM ET,MEM,0
SG/SF,Marko Guduric (14022172),Marko Guduric,14022172,SG/SF/F/G/UTIL,3000,SA@MEM 12/23/2019 08:00PM ET,MEM,10.47
SF,DeMarre Carroll (14022406),DeMarre Carroll,14022406,SF/F/UTIL,3000,SA@MEM 12/23/2019 08:00PM ET,SA,7.19
SG/SF,Marco Belinelli (14022409),Marco Belinelli,14022409,SG/SF/F/G/UTIL,3000,SA@MEM 12/23/2019 08:00PM ET,SA,10.84
PF/C,Trey Lyles (14022414),Trey Lyles,14022414,PF/C/F/UTIL,3000,SA@MEM 12/23/2019 08:00PM ET,SA,14.15
PF/C,Drew Eubanks (14022418),Drew Eubanks,14022418,PF/C/F/UTIL,3000,SA@MEM 12/23/2019 08:00PM ET,SA,7.56
PF/C,Chimezie Metu (14022422),Chimezie Metu,14022422,PF/C/F/UTIL,3000,SA@MEM 12/23/2019 08:00PM ET,SA,5.75
PG,Quinndary Weatherspoon (14022426),Quinndary Weatherspoon,14022426,PG/G/UTIL,3000,SA@MEM 12/23/2019 08:00PM ET,SA,0
SG/SF,Keldon Johnson (14022429),Keldon Johnson,14022429,SG/SF/F/G/UTIL,3000,SA@MEM 12/23/2019 08:00PM ET,SA,0
SF/PF,Luka Samanic (14022434),Luka Samanic,14022434,SF/PF/F/UTIL,3000,SA@MEM 12/23/2019 08:00PM ET,SA,0
